{"brief": {"ticker": "AVGO", "net_m": -356.4256136843, "buys_m": 0.0, "sells_m": 356.4256136843, "n_buys": 0, "n_sells": 95, "n_big_sales": 13}, "cached_at": 1778644834.018547}