{"brief": {"ticker": "AMD", "net_m": -74.82186075, "buys_m": 0.0, "sells_m": 74.82186075, "n_buys": 0, "n_sells": 37, "n_big_sales": 3}, "cached_at": 1778485739.81764}