{"brief": {"ticker": "TSM", "net_m": 0.11817596, "buys_m": 0.11817596, "sells_m": 0.0, "n_buys": 32, "n_sells": 0, "n_big_sales": 0}, "cached_at": 1778485763.653987}