{"brief": {"ticker": "AAPL", "net_m": -95.78464508, "buys_m": 0.0, "sells_m": 95.78464508, "n_buys": 0, "n_sells": 11, "n_big_sales": 4}, "cached_at": 1778485865.518325}