{"brief": {"ticker": "COIN", "net_m": -7.158403679499999, "buys_m": 0.0, "sells_m": 7.158403679499999, "n_buys": 0, "n_sells": 19, "n_big_sales": 0}, "cached_at": 1778645063.250639}