{"brief": {"ticker": "TSLA", "net_m": -30.8511685695, "buys_m": 0.0, "sells_m": 30.8511685695, "n_buys": 0, "n_sells": 39, "n_big_sales": 0}, "cached_at": 1778485901.398523}