{"brief": {"ticker": "BLK", "net_m": -114.6706933088, "buys_m": 0.0, "sells_m": 114.6706933088, "n_buys": 0, "n_sells": 24, "n_big_sales": 9}, "cached_at": 1778637965.651478}