{"brief": {"ticker": "SOFI", "net_m": -0.1912723816999998, "buys_m": 2.0005809145, "sells_m": 2.1918532961999997, "n_buys": 4, "n_sells": 4, "n_big_sales": 0}, "cached_at": 1778641128.429386}