{"brief": {"ticker": "MSTR", "net_m": -4.811179039, "buys_m": 0.24994658000000003, "sells_m": 5.061125619, "n_buys": 1, "n_sells": 46, "n_big_sales": 0}, "cached_at": 1778645049.712181}