{"brief": {"ticker": "MU", "net_m": -52.4356682, "buys_m": 0.0, "sells_m": 52.4356682, "n_buys": 0, "n_sells": 59, "n_big_sales": 2}, "cached_at": 1778644866.523984}