{"brief": {"ticker": "MSFT", "net_m": -3.0588926824000002, "buys_m": 1.98675, "sells_m": 5.0456426824000005, "n_buys": 1, "n_sells": 1, "n_big_sales": 1}, "cached_at": 1778485804.790367}