{"brief": {"ticker": "META", "net_m": -101.61036394419999, "buys_m": 0.0, "sells_m": 101.61036394419999, "n_buys": 0, "n_sells": 88, "n_big_sales": 6}, "cached_at": 1778637881.716116}