{"brief": {"ticker": "COIN", "net_m": -63.654710557099996, "buys_m": 0.0, "sells_m": 63.654710557099996, "n_buys": 0, "n_sells": 25, "n_big_sales": 3}, "cached_at": 1778485896.309277}