{"brief": {"ticker": "LLY", "net_m": -15.754536563999999, "buys_m": 0.0, "sells_m": 15.754536563999999, "n_buys": 0, "n_sells": 2, "n_big_sales": 1}, "cached_at": 1778645099.430255}