{"brief": {"ticker": "V", "net_m": -10.900457225999999, "buys_m": 0.0, "sells_m": 10.900457225999999, "n_buys": 0, "n_sells": 2, "n_big_sales": 1}, "cached_at": 1778637947.895501}