{"brief": {"ticker": "GOOGL", "net_m": -13.398926320000001, "buys_m": 0.0, "sells_m": 13.398926320000001, "n_buys": 0, "n_sells": 33, "n_big_sales": 0}, "cached_at": 1778644976.349735}