{"brief": {"ticker": "CRWV", "net_m": -1065.1541738306998, "buys_m": 0.0, "sells_m": 1065.1541738306998, "n_buys": 0, "n_sells": 317, "n_big_sales": 67}, "cached_at": 1778644935.604471}