{"brief": {"ticker": "NVDA", "net_m": -163.7473461514, "buys_m": 0.0, "sells_m": 163.7473461514, "n_buys": 0, "n_sells": 38, "n_big_sales": 4}, "cached_at": 1778583187.998767}