{"brief": {"ticker": "AMD", "net_m": -85.65431139, "buys_m": 0.0, "sells_m": 85.65431139, "n_buys": 0, "n_sells": 38, "n_big_sales": 4}, "cached_at": 1778637762.023227}