{"brief": {"ticker": "MSTR", "net_m": -4.097607789, "buys_m": 0.24994658000000003, "sells_m": 4.347554369, "n_buys": 1, "n_sells": 40, "n_big_sales": 0}, "cached_at": 1778485882.460839}