{"brief": {"ticker": "ARM", "net_m": -13.61482473, "buys_m": 0.0, "sells_m": 13.61482473, "n_buys": 0, "n_sells": 13, "n_big_sales": 0}, "cached_at": 1778637765.515586}